怕,[恐惧][恐惧][恐惧]
无语,[汗]
我喜欢你,现在知道了！[爱心]
做饭去,好的！[好的]
炒菜去,好的！[好的]
衣服去,好的！[好的]
早,早安！[皱眉]
哈哈,哈哈哈哈哈！
在干嘛,我也不知道！[皱眉]
晚安,晚安！[皱眉]
奶甜,？
睡,好梦！[好的]
机器人,可能是！
尼玛,尼玛。[发怒]
sb,sb。[发怒]
午安,午安！[皱眉]
无聊,[机智]
？？,[皱眉]
??,[皱眉]
羡慕,我也羡慕！[流泪]
不回我,不急
好的,好的！
确实,嗯！[皱眉]
吃,我也要！！
不知道,我也不知道！[皱眉]
离谱,离谱到家了！[皱眉]
哭,抱抱！！！[皱眉]
拜拜,拜拜啦！[好的]
掰掰,拜拜啦！[好的]
再见,拜拜啦！[好的]
可爱,你也很可爱！！[爱心]
笑死我了,什么好笑的？我也想听！！[旺柴]
傻,蒽
bzd,我也不知道！[皱眉]
idk,我也不知道！[皱眉]
xswl,什么好笑的？我也想听！！[旺柴]
洗澡去,好的拜拜！[好的]
喝,我也要！！
回来,欢迎回来！！[好的]
好耶,好耶！！！[皱眉]
小说去,好的拜拜！[好的]
视频去,好的拜拜！[好的]
知乎去,好的拜拜！[好的]
不聊了,好的拜拜！[好的]
b站去,好的拜拜！[好的]
小红书去,好的拜拜！[好的]
听歌去,好的拜拜！[好的]
电影去,好的拜拜！[好的]
生气,欸，消消气！[皱眉]
难受,抱抱！！！[皱眉]
难过,抱抱！！！[皱眉]
伤心,抱抱！！！[皱眉]
这是啥,奶甜是一个机器人！[皱眉]
什么鬼,奶甜是一个机器人！[皱眉]
啥玩意,奶甜是一个机器人！[皱眉]
XD,XD
:D,:D
晚点聊,好的拜拜！[好的]
有点事,好的拜拜！[好的]
等会聊,好的拜拜！[好的]
去看,好的！！[好的]
v我50,没钱！[发怒]
v50,没钱！[发怒]
怎么玩,随便玩！！[好的]
忙,好的！！[好的]
欧克,ok![好的]
草,草。
什,不造！[捂脸]
喜欢,ok![爱心]
讨厌,sad![大哭]
微博去,好的拜拜！[好的]
游戏去,好的拜拜！[好的]
去散步,好的拜拜！[好的]
去网吧,好的拜拜！[好的]
快递去,好的拜拜！[好的]
我笑死了,什么好笑的？我也想听！！
很好笑,什么好笑的？我也想听！！
笑死了,什么好笑的？我也想听！！
打错了,懂得都懂
赢了,厉害！[好的]
那你去吧,[好的]
你好,你好[皱眉]
